{
	"pattrstorage" : 	{
		"name" : "q1synthMIDImapping",
		"slots" : 		{
			"1" : 			{
				"id" : 1,
				"data" : 				{
					"instrumentType" : [ 0 ],
					"instrumentFaders::CCinput[10]" : [ "25" ],
					"instrumentFaders::CCinput[11]" : [ "26" ],
					"instrumentFaders::CCinput[12]" : [ "27" ],
					"instrumentFaders::CCinput[13]" : [ "28" ],
					"instrumentFaders::CCinput[14]" : [ "29" ],
					"instrumentFaders::CCinput[15]" : [ "30" ],
					"instrumentFaders::CCinput[16]" : [ "31" ],
					"instrumentFaders::CCinput[1]" : [ "7" ],
					"instrumentFaders::CCinput[1]again" : [ "7" ],
					"instrumentFaders::CCinput[2]" : [ "8" ],
					"instrumentFaders::CCinput[3]" : [ "9" ],
					"instrumentFaders::CCinput[4]" : [ "10" ],
					"instrumentFaders::CCinput[5]" : [ "11" ],
					"instrumentFaders::CCinput[6]" : [ "12" ],
					"instrumentFaders::CCinput[7]" : [ "13" ],
					"instrumentFaders::CCinput[8]" : [ "14" ],
					"instrumentFaders::CCinput[9]" : [ "24" ],
					"instrumentFaders::CCinput[9]again" : [ "24" ],
					"noteFaders::CCinput[1]" : [ "4" ],
					"noteFaders::CCinput[2]" : [ "5" ],
					"noteFaders::CCinput[3]" : [ "6" ],
					"noteFaders::CCinput[4]" : [ "21" ],
					"noteFaders::CCinput[5]" : [ "22" ],
					"noteFaders::CCinput[6]" : [ "23" ],
					"effectFaders::CCinput[10]" : [ "34" ],
					"effectFaders::CCinput[11]" : [ "33" ],
					"effectFaders::CCinput[12]" : [ "32" ],
					"effectFaders::CCinput[1]" : [ "15" ],
					"effectFaders::CCinput[2]" : [ "16" ],
					"effectFaders::CCinput[3]" : [ "17" ],
					"effectFaders::CCinput[4]" : [ "18" ],
					"effectFaders::CCinput[5]" : [ "19" ],
					"effectFaders::CCinput[6]" : [ "20" ],
					"effectFaders::CCinput[7]" : [ "37" ],
					"effectFaders::CCinput[8]" : [ "36" ],
					"effectFaders::CCinput[9]" : [ "35" ],
					"adsrFaders::CCinput[11]" : [ "45" ],
					"adsrFaders::CCinput[12]" : [ "44" ],
					"adsrFaders::CCinput[1]" : [ "38" ],
					"adsrFaders::CCinput[2]" : [ "39" ],
					"adsrFaders::CCinput[3]" : [ "40" ],
					"adsrFaders::CCinput[4]" : [ "41" ],
					"adsrFaders::CCinput[5]" : [ "42" ],
					"adsrFaders::CCinput[6]" : [ "43" ],
					"sphereFaders::CCinput[1]" : [ "1" ],
					"sphereFaders::CCinput[2]" : [ "2" ],
					"sphereFaders::CCinput[3]" : [ "3" ],
					"presetBangs::CCinput[1]" : [ "53" ],
					"presetBangs::CCinput[2]" : [ "52" ],
					"presetBangs::CCinput[3]" : [ "51" ],
					"presetBangs::CCinput[4]" : [ "50" ],
					"presetBangs::CCinput[5]" : [ "49" ],
					"presetBangs::CCinput[6]" : [ "48" ],
					"presetBangs::CCinput[7]" : [ "47" ],
					"presetBangs::CCinput[8]" : [ "46" ],
					"playstopBangs::CCinput[1]" : [ "54" ],
					"playstopBangs::CCinput[2]" : [ "55" ],
					"playstopBangs::CCinput[3]" : [ "56" ],
					"ringFaders::CCinput[11]" : [ "3" ],
					"ringFaders::CCinput[12]" : [ "2" ],
					"ringFaders::CCinput[6]" : [ "1" ]
				}

			}
,
			"2" : 			{
				"id" : 2,
				"data" : 				{
					"instrumentType" : [ 1 ],
					"instrumentFaders::CCinput[10]" : [ "25" ],
					"instrumentFaders::CCinput[11]" : [ "26" ],
					"instrumentFaders::CCinput[12]" : [ "27" ],
					"instrumentFaders::CCinput[13]" : [ "28" ],
					"instrumentFaders::CCinput[14]" : [ "29" ],
					"instrumentFaders::CCinput[15]" : [ "30" ],
					"instrumentFaders::CCinput[16]" : [ "31" ],
					"instrumentFaders::CCinput[1]" : [ "7" ],
					"instrumentFaders::CCinput[1]again" : [ "7" ],
					"instrumentFaders::CCinput[2]" : [ "8" ],
					"instrumentFaders::CCinput[3]" : [ "9" ],
					"instrumentFaders::CCinput[4]" : [ "10" ],
					"instrumentFaders::CCinput[5]" : [ "11" ],
					"instrumentFaders::CCinput[6]" : [ "12" ],
					"instrumentFaders::CCinput[7]" : [ "13" ],
					"instrumentFaders::CCinput[8]" : [ "14" ],
					"instrumentFaders::CCinput[9]" : [ "24" ],
					"instrumentFaders::CCinput[9]again" : [ "24" ],
					"noteFaders::CCinput[1]" : [ "4" ],
					"noteFaders::CCinput[2]" : [ "5" ],
					"noteFaders::CCinput[3]" : [ "6" ],
					"noteFaders::CCinput[4]" : [ "21" ],
					"noteFaders::CCinput[5]" : [ "22" ],
					"noteFaders::CCinput[6]" : [ "23" ],
					"effectFaders::CCinput[10]" : [ "34" ],
					"effectFaders::CCinput[11]" : [ "33" ],
					"effectFaders::CCinput[12]" : [ "32" ],
					"effectFaders::CCinput[1]" : [ "15" ],
					"effectFaders::CCinput[2]" : [ "16" ],
					"effectFaders::CCinput[3]" : [ "17" ],
					"effectFaders::CCinput[4]" : [ "18" ],
					"effectFaders::CCinput[5]" : [ "19" ],
					"effectFaders::CCinput[6]" : [ "20" ],
					"effectFaders::CCinput[7]" : [ "37" ],
					"effectFaders::CCinput[8]" : [ "36" ],
					"effectFaders::CCinput[9]" : [ "35" ],
					"adsrFaders::CCinput[11]" : [ "45" ],
					"adsrFaders::CCinput[12]" : [ "44" ],
					"adsrFaders::CCinput[1]" : [ "38" ],
					"adsrFaders::CCinput[2]" : [ "39" ],
					"adsrFaders::CCinput[3]" : [ "40" ],
					"adsrFaders::CCinput[4]" : [ "41" ],
					"adsrFaders::CCinput[5]" : [ "42" ],
					"adsrFaders::CCinput[6]" : [ "43" ],
					"sphereFaders::CCinput[1]" : [ "1" ],
					"sphereFaders::CCinput[2]" : [ "2" ],
					"sphereFaders::CCinput[3]" : [ "3" ],
					"presetBangs::CCinput[1]" : [ "53" ],
					"presetBangs::CCinput[2]" : [ "52" ],
					"presetBangs::CCinput[3]" : [ "51" ],
					"presetBangs::CCinput[4]" : [ "50" ],
					"presetBangs::CCinput[5]" : [ "49" ],
					"presetBangs::CCinput[6]" : [ "48" ],
					"presetBangs::CCinput[7]" : [ "47" ],
					"presetBangs::CCinput[8]" : [ "46" ],
					"playstopBangs::CCinput[1]" : [ "54" ],
					"playstopBangs::CCinput[2]" : [ "55" ],
					"playstopBangs::CCinput[3]" : [ "56" ],
					"ringFaders::CCinput[11]" : [  ],
					"ringFaders::CCinput[12]" : [  ],
					"ringFaders::CCinput[6]" : [  ]
				}

			}
,
			"3" : 			{
				"id" : 3,
				"data" : 				{
					"instrumentType" : [ 2 ],
					"instrumentFaders::CCinput[10]" : [ "25" ],
					"instrumentFaders::CCinput[11]" : [ "26" ],
					"instrumentFaders::CCinput[12]" : [ "27" ],
					"instrumentFaders::CCinput[13]" : [ "28" ],
					"instrumentFaders::CCinput[14]" : [ "29" ],
					"instrumentFaders::CCinput[15]" : [ "30" ],
					"instrumentFaders::CCinput[16]" : [ "31" ],
					"instrumentFaders::CCinput[1]" : [ "7" ],
					"instrumentFaders::CCinput[1]again" : [ "7" ],
					"instrumentFaders::CCinput[2]" : [ "8" ],
					"instrumentFaders::CCinput[3]" : [ "9" ],
					"instrumentFaders::CCinput[4]" : [ "10" ],
					"instrumentFaders::CCinput[5]" : [ "11" ],
					"instrumentFaders::CCinput[6]" : [ "12" ],
					"instrumentFaders::CCinput[7]" : [ "13" ],
					"instrumentFaders::CCinput[8]" : [ "14" ],
					"instrumentFaders::CCinput[9]" : [ "24" ],
					"instrumentFaders::CCinput[9]again" : [ "24" ],
					"noteFaders::CCinput[1]" : [ "4" ],
					"noteFaders::CCinput[2]" : [ "5" ],
					"noteFaders::CCinput[3]" : [ "6" ],
					"noteFaders::CCinput[4]" : [ "21" ],
					"noteFaders::CCinput[5]" : [ "22" ],
					"noteFaders::CCinput[6]" : [ "23" ],
					"effectFaders::CCinput[10]" : [ "34" ],
					"effectFaders::CCinput[11]" : [ "33" ],
					"effectFaders::CCinput[12]" : [ "32" ],
					"effectFaders::CCinput[1]" : [ "15" ],
					"effectFaders::CCinput[2]" : [ "16" ],
					"effectFaders::CCinput[3]" : [ "17" ],
					"effectFaders::CCinput[4]" : [ "18" ],
					"effectFaders::CCinput[5]" : [ "19" ],
					"effectFaders::CCinput[6]" : [ "20" ],
					"effectFaders::CCinput[7]" : [ "37" ],
					"effectFaders::CCinput[8]" : [ "36" ],
					"effectFaders::CCinput[9]" : [ "35" ],
					"adsrFaders::CCinput[11]" : [ "45" ],
					"adsrFaders::CCinput[12]" : [ "44" ],
					"adsrFaders::CCinput[1]" : [ "38" ],
					"adsrFaders::CCinput[2]" : [ "39" ],
					"adsrFaders::CCinput[3]" : [ "40" ],
					"adsrFaders::CCinput[4]" : [ "41" ],
					"adsrFaders::CCinput[5]" : [ "42" ],
					"adsrFaders::CCinput[6]" : [ "43" ],
					"sphereFaders::CCinput[1]" : [ "1" ],
					"sphereFaders::CCinput[2]" : [ "2" ],
					"sphereFaders::CCinput[3]" : [ "3" ],
					"presetBangs::CCinput[1]" : [ "53" ],
					"presetBangs::CCinput[2]" : [ "52" ],
					"presetBangs::CCinput[3]" : [ "51" ],
					"presetBangs::CCinput[4]" : [ "50" ],
					"presetBangs::CCinput[5]" : [ "49" ],
					"presetBangs::CCinput[6]" : [ "48" ],
					"presetBangs::CCinput[7]" : [ "47" ],
					"presetBangs::CCinput[8]" : [ "46" ],
					"playstopBangs::CCinput[1]" : [ "54" ],
					"playstopBangs::CCinput[2]" : [ "55" ],
					"playstopBangs::CCinput[3]" : [ "56" ],
					"ringFaders::CCinput[11]" : [  ],
					"ringFaders::CCinput[12]" : [  ],
					"ringFaders::CCinput[6]" : [  ]
				}

			}

		}

	}

}
